property_id,latitude,longitude,crime
c03d82e0169b9646f9628c766a820a96,51.5189256,-0.1730681,1877
0eaca9c01a72e47b55656d34229fbbf1,51.359806,-0.2012795,400
0e91ce654b6fd59d84c47e7c66fcb6ad,51.5641695,-0.1009081,1431
6afcfb6a633839bcb514e31960abbe15,51.529622,-0.167885,1116
45112861947e9869c0cff0d2b041d13b,51.4297874,-0.170103,732
e51abaded102fdf9a3a8a1e610e4e50a,51.5072178,-0.1275862,6120
7d5a7c57203f5ded5cbad0552d7910e5,51.529622,-0.167885,1116
5b857c074f62efdd07e20c54af1187cb,51.4676639,-0.1113757,1441
f2f6aa30044d2d2ef8e19a4d1301c12e,51.4283695,-0.1764467,713
404c392b174073c3e900f6c849e8f5b2,51.5086937,-0.1484713,5843
5566cfa0f58663c6ac134564efa2cd79,51.5297257,-0.1678398,1113
5fd483ac41694d22294f67522ae0de9c,51.4376149,-0.1266561,709
9a4ad9b24c0b50be11a74a62da7205b5,51.529622,-0.167885,1116
7b4e3a5416301627d2896d9d16a56f34,51.5395572,-0.1024559,1712
52bed3c32aa0225ffb113aa0f8d583f8,51.4948323,0.0122541,475
29c2ba9dba1431ba1205e93342485f5e,51.5028284,-0.0964968,2117
68e1e6935d41ad280817c846e2e8a740,51.4559791,-0.1917484,496
8266cce174b3c27890f9b783fa166558,51.49851719999999,-0.0489656,683
8dfd57e537da4780dcaad5e5fab73bc5,51.4807859,-0.1328893,1155
788a76d5f0d30afd84fd51bf78a8563a,51.5268153,-0.1634943,1587
87137d35668f87ce1c03be42960f1f44,51.4926027,-0.2331046,1062
e2d8d1b983f3ef5486ea8bb3d1f77ae8,51.5143461,-0.151418,5511
828c0eea7735b0d975d3b8665c1c55ec,51.4546845,-0.0692055,398
c42ac65b5afd4f537d0e558a3f1d35fb,51.5289122,-0.2025082,1322
d19444362092585015e997daa706b033,51.4969605,-0.1803895,1254
5c63bc66136f382e758f14661d8416ce,51.6039783,-0.2421234,351
e0c1c85879f6deb4b3bf4fe26d2b99a7,51.4203312,-0.3253854,135
1aee44727814ba52ecbebae1a2c5ec98,51.4906867,0.004019,531
2e7e6920a0bba18b5e6debd246f2bc2b,51.4577795,-0.1893971,568
528032675af90525ed63754259baadcf,-31.8346332,115.7607093,0
33f3d76b8c499fefd746a1dfcd2d3d11,51.492929,-0.0967875,1991
7e926389ee137a2772eefa38beaff2de,51.4998724,-0.1858819,1174
5fed30ac5633d8d6f688a7373dc47b1c,51.52815709999999,-0.0895212,2092
eb60e0a9360fb44e1116c005c0e5b8f1,51.6040912,-0.0588751,814
c21739a6352b2a11d7fbe637aff3bf72,51.5412658,-0.1942197,1149
7f256b34b2305e0c01d2df39c6509c58,51.545584,0.0021171,1317
9fc4b7965064b95034ca66e55bec5bbc,51.5364179,-0.1632798,1099
cdae9e0af5a752d1b3afa5e6ab66bf00,51.5025862,-0.2174882,1575
d37746d1b16afc3ead9def5d167d0372,51.5025862,-0.2174882,1575
2ee152c43a46581d0855a50f13ebb91d,51.5162269,0.0102624,771
314007e1c673eef2302d20936ca144d0,51.5762413,-0.11434,1112
26e583c118b2fa1acab6294779a45c50,51.5499538,-0.1687063,855
f7d45a000e4fafab1231c0a30f06cfd7,51.48202029999999,-0.1444907,1201
213516febef0941bbd7bc73a15a4d70c,51.457509,0.0052043,678
3aaf437922b5fb1078485c81fc80a11e,51.4612592,-0.1519193,813
ff11875ea012e7a8a1a2005439e64adb,51.4998724,-0.1858819,1174
024cf79409a639d28a7d84c362a997cc,51.521304,-0.1722519,1828
f10274444286140fe9425998965d2aba,51.4974984,-0.0151176,744
51411a71faa95b5f58b82aff4c39402c,51.502653,0.0353284,337
776b60557208f3b22befc0676477e1ab,51.4639405,-0.1481504,902
9a4447d9fab2c6344309f4b79d6456b5,51.4843946,-0.2167468,905
b4febc5a7746ffe1e250bd0ab960303e,51.5043933,-0.0457696,899
fc79ec4fb67793c405ac76a47fc56fcd,51.5634977,0.0080805,635
2ef222d612273ce9a85016454e5d9f86,51.5208814,-0.076898,2259
39c8b56befc8676a04c6fe5ccba75a31,51.5703214,-0.0252862,689
0ee4ff8504b69b0fe928f0afe42e8bad,51.423903,-0.0319646,488
3252a9ebb1eb76a77fd2b7845e9ad06a,51.485455,-0.1028439,1646
a5d61405e7997adc8b08e6ba152a46f5,51.4202513,-0.1749588,730
074c3c19605b2211dcb2b30a8cb6f5e2,51.5445349,0.0496642,1008
9c593268ae163a910622cf8c1a2dd020,51.5090286,0.0134757,816
7aaf6a50c674158b1d96fcb95bea7035,51.5443588,-0.0269751,1002
ee6fe09deebe6ac75692121eb359f9c3,51.5080806,-0.1237903,5971
f1f6c45300f0573c7a7fa2219f6166bc,51.5455627,-0.1798697,1177
2d13e1fc02d2a93c55cdb66036ce7a10,51.4999492,-0.1669548,1190
67c2e88ef792dc85a9299195e5c5341c,51.51864190000001,-0.0573048999999999,1835
53f93dcc2696fbf515cef808c51174a1,51.4984924,-0.0259151,838
6e694ece0dcf1b4722cb65a8bc4e4e48,51.541295,0.0058709,1432
eeb5d041cb97304986d4361673f745c4,51.4400938,-0.214949,190
22990e24c5b371c11e37e920338b8441,51.4533061,-0.1205798,1224
581e91e2de86ba2f6a58ae274493f095,51.5001337,-0.3174895,585
01e9d6421dbf96ba1332cb57ca028977,51.4813159,-0.1325874,1182
cb5b3594a81f56448b7e16b44bdf95f8,51.5189256,-0.1730681,1877
abdb19f759657f029299822b85060643,51.5068967,0.0737662999999999,276
0bb1ae444ef660932c2f395f14678c2b,51.5282153,-0.1898103,1406
6f4e93d5e90ec31fb3b8fb4910425bb1,51.5262988,-0.1878108,1588
470332fa9e8b6ce0acd9ca5be59bb997,51.5253629,-0.1881437,1598
bef6e5be87308b375f21666bf01b5537,51.4993791,-0.3061432,594
f10b3e4b2125c21082ecfe01521baaa0,51.505114,-0.0423469,971
45a9c9d278b3ee5cf3b649bad69d31ad,51.4530646,-0.0772915,374
cc722b3217a37d6fa6593e65b7e29367,51.5405156,-0.1843922,1139
6915f99fdaf14039fd7afda074819971,51.5999521,-0.1717909,412
c90f59aa72d6659cdaf39473b8c7bf91,51.480079,-0.194504,953
8bf2a87f7a86232ddad04837da43bc1b,51.481656,-0.1429994,1122
823ed7f459e6f7bb87cc7541b924ee63,51.481281,-0.1326213,1183
459d21f47ed6081b1ef7de2b2044967d,51.4592683,-0.3030575,219
66e87c444178ec4524df05acb52089c8,51.5189256,-0.1730681,1877
f0b2b1ed2f16837ce9c2c6e02f0deba7,51.5229155,-0.2001625,1446
82c1da341ccc3cdd9ee426b52cdd41cb,51.5754744,-0.11667,1124
e8089c9abc83ade6aaf5cadcd02a7c0a,51.5270854,-0.096797,2107
e0b7d32da23b60edd180b3ce766a55b3,51.5086937,-0.1484713,5843
f5883d739c55b160bfd87f33b852b5b0,51.4882219,-0.2079667,1129
0f84a2116eb4a8969964355193eca8aa,51.4574983,-0.2261501,459
200e67a2adbd4f1f9190d6d4a1aed693,51.5121945,-0.2086389,1664
770658db431dfe6ff3ad95622bcd66d9,51.5244683,-0.0574809,1884
c93a10d6716cc90266ca0fcc44b012b6,51.4496382,-0.1179015,934
a7c1dc6d2c131af48fdc6e68e06ac50e,51.5245575,-0.0561695,1838
3d2e3e1cb6582f84cb288393868bf44b,51.5245575,-0.0561695,1838
4b3e94a3d112adc8060ad885d5fdf47d,51.51313829999999,-0.1522222,5301
28761ee50b0eb96f30c61b5cc341d62f,51.621756,-0.1055953,402
0b44ecf6a47d526b82eb0194ace21951,51.394663,-0.1946249,287
f329a6292a881bc29c8387009a1f2fbb,51.5178304,-0.0670581,2072
6a09984766b7ef99218a3fb8f4f245f6,51.5178304,-0.0670581,2072
a72f109862933564755025bab304e042,51.5245575,-0.0561695,1838
95fabfeb1689aac6d0fd42e4c01be229,51.47811420000001,-0.1469996,805
494de60b907b7bf72839d105b10c8723,51.5189256,-0.1730681,1877
bb07efe4755ee293ff4166e2f7c4f031,51.4394827,0.0727142,172
20d0519298c9c68c7877df1eb78152cd,51.631089,0.0002165,196
e4a2f86e296571b4756b72c572f49244,51.5409018,-0.1743372,1082
4e79e8be109904006d23d59b8df426ab,51.5189256,-0.1730681,1877
e49a225a053358b9b38ffa0d7b3451a8,51.6488165,-0.0782884,460
d080173b6ffe9d6a837b06ecaa599ce8,51.5287203,-0.2014234,1365
932c0a213efbdda3a87f69ba0adb1e19,51.4720548,-0.2535028,211
8e41172c6b41eff18e7cb915502efcc3,51.5086173,-0.0083977,1116
c1c2daa6c67ca22d5b00d52e3cffbbf2,51.5330322,-0.1766523,1164
c12abccc8690eb3211b3860615422762,51.5144803,-0.1898553,1473
7d930b62865cf6678c0ab79ae92f6959,51.5218975,-0.1531328,3603
389f9897c6852c2eef3baf62fea7cc60,51.5003349,-0.0177778,843
eeee568eafdab1043c64a6cdaa6952a1,51.4617121,-0.1156997,1337
b8d3a72797c3357d1219342e75dd52fa,51.5728114,-0.1000159,1147
911ace6cceba9a0269255e9a11482923,51.514471,-0.0755039,2173
327d11cd48882ac4e890f2631173de98,51.4746761,-0.1543773,767
ae8e30980658c1241ff48fc63ec58b9a,51.4249292,-0.1406516,627
c34b750107b6e5dd04c819b58fa16ecc,51.593575,-0.172848,323
360a22a27bd2c9361dbd50564fa0a2dc,51.5245727,-0.0229726,1129
cd72462416ea5a89047a1daf6a3fdaf0,51.4018132,-0.2167825,169
b086839de2133c3830ca1d8bcbf31253,51.4277891,-0.1944859,506
883c8cf4e76a763edc333d567ec4450f,51.4277891,-0.1944859,506
6aacdd9f4741c62cfbdb8efd1e4397c4,51.4414834,-0.1557779,504
ea2a8806e69bdee4f88ef20049139242,51.4718739,-0.3345783,333
94e019621dc04aece86e12aa829bd0e5,51.4015151,-0.0762156,549
95937b33d0075a15538983dbc9184224,51.4757823,-0.1084206,1637
bd67ae1a125cea1039fee1f4c95c9207,51.5043933,-0.0457696,899
58faad9840fb63555645120ad3516d1e,51.4255297,-0.2050566,335
482c87597d0c6bb359410892485209ec,51.5080065,-0.2134538,1577
e197f995296705e47dfa45400f449d38,51.5131583,-0.131321,6449
990256577e6c836f7647ebd5e8fe1de7,51.4946512,-0.2407673,991
451c4278039e732714ff42eb1fca8f2f,51.5662596,-0.2022005,477
0b5c3db4e94d500b7c95ae2c1192aa1d,51.5255029,0.0009274,958
cd6ed84acbf14c128924f440b8f33136,51.5210442,-0.1718233,1836
d372e0a5679503222db2a059638e17f4,51.4946512,-0.2407673,991
e853e5e848d308465467a83c7e8ac15f,51.4888454,-0.2853653,441
44be1683fd5a4a37b14476d33f94194d,51.4616374,-0.2120607,541
e926b427ceb1a5b1ff6cbdead1bd82b8,51.59084259999999,-0.0618819,947
d5cafcbdec2c2248f08a5a85e29093ff,51.5724834,-0.1191701,1336
7e1619f4165d1f61a22f8c26a0ebdd6b,51.5906243,-0.1678688,298
38e2149f40269bf195005f497df9fd41,51.59084259999999,-0.0618819,947
796c03e420a5095b1a20a789fc6fa1fc,51.57324209999999,-0.0854772,1101
9e68a0ea0e3188d19d5541bf9bbb4cb6,51.4946512,-0.2407673,991
b3f6af05b34bd90e5745c7a6ff8daf67,51.4946512,-0.2407673,991
ddebf94dd394152e3a219f71ee815373,51.4816686,-0.2845665,358
5d71cc372a66151d8da40f398f0774ce,51.4154828,-0.218859,289
f72636fdecaa7a17ef1277470aecec62,51.4955643,-0.1657131,1194
7dba77c31e0705df9f8b635a264613a7,51.59084259999999,-0.0618819,947
70bab40227cfa6f95dd7f2f5986e167f,51.5166423,0.0109006,768
40ffeca3bf050b9b890c9554eecedeb0,51.5544574,-0.1933721,817
ead50146ceca39eaa9fca6efe55f3d7a,51.59084259999999,-0.0618819,947
34f2810d2efd3814f4b5c611808264ed,51.4879297,-0.2794147,412
bf3328d7e80fddf819c177bc3c37345d,51.4301736,-0.1520261,812
e3c02db41b2a8caf7ac4183a1505630a,51.4192918,-0.2027961,380
7dd3acb7333457ec56b6aaec1a9e71f9,51.4758762,-0.1859369,891
3c564038fcafbe0a60a3fd750d51b09e,51.59084259999999,-0.0618819,947
248082242fd693d1eda44621a6907fdf,51.4871735,-0.0363705,781
5b0137a2bfde1259eab95f0f0fecc699,51.5804214,-0.1240854,553
4921f0e7eff85225e6d1c6965ce1a006,51.59084259999999,-0.0618819,947
3c564038fcafbe0a60a3fd750d51b09e,51.59084259999999,-0.0618819,947
711f716885600c129fbfecfb8616fb8c,51.4871735,-0.0363705,781
0e25f8eb89e4afae97eb04037a57fc91,51.4871735,-0.0363705,781
ad0c055cbfec5a5ec4cfe3d21af1b11e,51.5340373,-0.1199176,2138
88158bb8c106987d6dcf7118a5d5a558,51.4272428,-0.3302796,152
7e402f3af6eb21e6d248486c3024e85a,51.442328,-0.0153087,749
40ffeca3bf050b9b890c9554eecedeb0,51.5544574,-0.1933721,817
e0b7d32da23b60edd180b3ce766a55b3,51.5086937,-0.1484713,5843
f5a734c4ead7fb94b7add90fc0fc079b,51.4999577,-0.0834213999999999,1853
62b14afe28a34579ba8a65d8ce4c6f89,51.4860461,-0.2086546,1093
ee9e008ff2ca0ae6ef2119c472df4c49,51.5404118,-0.0698869,1515
559dc2baee81ebb2fa612bee2db63f62,51.46337519999999,-0.1425563,869
c19de0f6537af0ecb8f22c59423b4117,51.4903219,-0.1226345,1740
56fd76b07f9fc3f2ff7b3f6ac8463672,51.5039538,-0.0999878,2039
67d4fdc7d8bfbd374e7c53763b1f3685,51.4633745,-0.1066992,1300
c316fa9baa1e2f05861cce43c301f2e6,51.5558596,-0.179536,654
9af5d3aac4c5cb4aa87a255b5dba82d4,51.4909517,-0.1999571,1183
e3408c0b084f33ff9e5f63a561f4b524,51.5121513,-0.266765,588
5bace84feaa8d97eaee4248804330bc7,51.4698437,-0.0772326,1104
199a2417038d9a649ac6a667171b1976,51.4990283,-0.0837196,1935
9c837cd2ebb9325f520243bd973563d1,51.5434507,-0.2104054,1013
11767e247c09c317889562a81f48ce60,51.4807305,-0.2062152,865
48cc5f542a9615cb3a95fb6943534b91,51.5450479,-0.1865469,1078
22f9d3bf99779d9864102403178ed461,51.5232541,-0.1260235,5893
d5152cbe6bb157d7043bf1b55d9edae4,51.4814963,-0.1279898,1210
913ad42cb77e40df348282bb01f8cb7a,51.5219726,-0.0792336999999999,2262
f7fd8de09ab49b883e844bf0697c6089,51.5000773,-0.2139411,1692
39f39db6393bd31ca171ecf632404cf5,51.5014203,-0.1862694,1189
ca66286f9f3c6140518061f8e8846d21,51.529622,-0.167885,1116
6b81cc7d6e2e78a9f15b62bac3efdf17,51.529622,-0.167885,1116
f522ae02ba32c2459e37c4ed94ea5ed5,51.5209533,-0.0985481,2093
0321a604ebf0bdf04ac961d25f7fa6d0,51.5195008,0.0402407,777
0640bc6bc6ba29ccc6b8ea87669631c2,51.5189256,-0.1730681,1877
796da6df6e86756e163a1e730663deba,51.48245379999999,-0.2235073,753
588212836517f58ff40690bd869632fd,51.521304,-0.1722519,1828
92b039bb5bfae1662857baa708c2cfee,51.4933698,-0.1277374,1843
4e89411150e4c9ca176f19d499ce8202,51.5104535,-0.193299,1346
4ad3b4533eeefc2a90509e67d6d61352,51.52654339999999,-0.1234621,3972
3e0601e16bc2eb5304056fdb81ffc25a,51.52078700000001,-0.17208,1827
edd848c75c1fee12c291e3994e6be2b7,51.5098238,-0.227274,1334
81280ade578dd1f134dc88442e4fbf9e,51.492252,-0.1445238,1455
b68b85b514e8edf9e3a547703ac75aa8,51.464116,-0.1025749,1243
5c63bc66136f382e758f14661d8416ce,51.6039783,-0.2421234,351
3b91618318864e81e608a3aab6cd48e4,51.4884755,-0.293828,458
2fcade47c6c72d4b79615493ac115b97,51.5136325,-0.0088074,1178
f623b21a09db3a813a02c732ce1a5468,51.4633745,-0.1066992,1300
eb469b41dbb8bd5bfe01f607a32d9d3e,51.5069109,-0.1385186,6405
bca5d91ea7f74850f663be77e6ce012f,51.52475430000001,-0.1608797,2108
c7141f9d5f6aed83313a97a4b9b1a345,51.5804214,-0.1240854,553
2fc83146443cbb9e0dce94935392dc68,51.5107993,-0.1356624,6557
ea280abfdce1712d660c296bfb5b1daa,51.4782403,-0.1415386,997
df73f24d177c7dc108c2c3485427ed36,51.4628563,-0.131726,1301
aa4a19f703ac34d7cf99e6e894a5218b,51.4766145,-0.1846161,891
3c807b0996049cbac9f7ae4f42bfb31f,51.5139828,-0.1690013,1965
9980679cab25fd53076d3cfe3eba1115,51.5783128,-0.0241685,873
21b37abcd559bb2e3e8d7c02a827be99,51.488527,-0.2973406,451
1fc96565a83dd6aeb9f84b82704eb31c,51.5042182,-0.0250777,1023
63a52961ff340e01924c6454fbace84d,51.6287706,-0.0056225,239
90d74dcd341dd87ee837b9674a1eb16e,51.5789011,-0.0196529,913
e5ac85c0b2fcb01b276d8dee78fe45fa,51.5746379,-0.1107594,1184
4f2292c51668cfea51fc75c4ac21ac9f,51.5030541,-0.1950953,1187
375312c46c09b8728475ded7846e238f,51.4937885,-0.2507702,612
fd26624b61bdd2dc29e72bc1d06c62a3,51.4879297,-0.2794147,412
7b7eeb4835ba83e1ac491a67188d6808,51.5951701,0.021617,282
ef9395fd96db54bcf06dab4320b0359c,51.3669723,-0.1666779,296
e9151cb39e140d0740d451e96ac2811d,51.540492,-0.0955599,1623
404c392b174073c3e900f6c849e8f5b2,51.5086937,-0.1484713,5843
e080d2fb50c7f5ea52566b3361389785,51.4929596,-0.0365663,681
e0b7d32da23b60edd180b3ce766a55b3,51.5086937,-0.1484713,5843
6dc8f5a7ad39c99ebf35d60dd9f0057c,51.5429436,-0.1198104,1958
60df13aab8024e7df4fda979110193f4,51.4844444,0.0334846,360
0fbf8fae55f148424ba795d7baa3f651,51.465056,-0.1834316,756
607e3579e7ddf415d4cf20307f43b8b2,51.442799,-0.1888084,435
29410b2f7d698e2a966728b7c5d3c757,51.464116,-0.1025749,1243
96d06ac6b279cbf47135185e350b180b,51.4774466,-0.1182103,1307
70185c8d4c70d95f62b3522342f5ff9f,51.4631651,-0.0157505,840
204418dd1edb1d9952ba304dc1633a2d,51.5023211,-0.0127598,901
6bd7b7f2484c7445a89a84dc0e78c3e9,51.4405217,-0.1674001,668
86c6095143d0c614a7355098421c6542,51.4974289,-0.0335839,790
64d7d9c592987b35433cff827482bc58,51.4548898,-0.3119611,276
8e0d59b740e5b7e964297b0f095fb7b5,51.5801995,-0.209824,527
84bffc29a86d960e1294bb9b14370c59,51.4644531,-0.1466759,893
3745c91e7a9af14d48a0ac8b0a2fd730,51.4390303,-0.1654362,707
21da38860a44141b2e07ea3c6ed42f74,51.5874234,-0.0058466,683
4e778f36db5632a85e8a7c8cdefdf136,49.205031,-122.8342661,0
dd5e4ad251b264addf6fa7e9ced255ee,51.464116,-0.1025749,1243
ac2bb3f48f3f873bf3d9910404da2da9,51.5234505,-0.1003176,2092
3c28cf99a235a45d3c29eb14047b6da4,51.557356,-0.1032715,1666
1c81e1b654bd1af146a501c09bc9dd31,51.464116,-0.1025749,1243
df6780b3f53d466b9079651f389f456b,51.5215552,-0.1191127,5337
243368cb98e4acd7fb5f2de5d14800c4,51.4957528,-0.2053284,1392
2490fb531cf46d1823f6b25952081455,51.5080941,0.0196766,760
baca3f338a20b13614cc2540bc509b6b,51.453501,-0.1297924,1132
fa04d9ff3038987639f49ad172a1fe0f,51.4939569,-0.1908765,1215
a933839ac4365182cb1073a45dd22f2b,51.4995647,-0.0380175,882
eada9b53c9ed4ce3072821498411efd3,51.4839683,-0.1023114,1626
243368cb98e4acd7fb5f2de5d14800c4,51.4957528,-0.2053284,1392
1a6e30bbe4837bf1ce9dc87c1bcda038,51.5037101,-0.0937472,2054
1b882ec9e4f7c1b8d01356dac367d3fc,51.5904256,-0.1032137,907
ea2f5e9211e15bf9ec295d7718235650,51.4805992,-0.2178135,786
d95a28aec0d5f506c5b0c1ef06a0db30,51.4763316,-0.1054096,1535
90cf1d61b3263617759ade9521ac5ecf,51.4174008,-0.1320286,572
efb48516758042edd729d2c9b0689af9,51.5945554,-0.147448,287
26ad0013c3532d5366b13ff3396a281f,51.5752821,-0.0081974,856
8d64fd9cc86c52074b7fe08aa1ca93f9,51.5328644,-0.0873007,1838
915c3d80b07321baa21edc94d224e58c,51.4293313,-0.1515794,793
e0b7d32da23b60edd180b3ce766a55b3,51.5086937,-0.1484713,5843
4adb568b2ab74b51ca4754a4ae1a7696,51.5028723,-0.0144318,931
2c6f6c2aea7866c391f074d3237366c7,51.5671917,-0.0301907,495
aa27d31581ebec8709bd13ee181c307d,51.4978659,-0.2654253,655
0400819ab14abe235bae2da22cff79be,51.4879297,-0.2794147,412
5ca5ba169cf3b3b58a32bd5cc17274cb,51.4169857,-0.1593509,777
13d48f3215a2554751ef98865a8b4e46,51.4886951,-0.2891495,481
1ffc55ea3c6ce7c0a70538d48568ad8b,51.4520392,-0.158315,626
909e1f99844115b0f7b6cc143a449373,51.4925435,-0.102503,1970
ebf4231d3448e6e0a86dd3bdb558307c,51.4721914,-0.1653343,832
cc506321d8917135df37314a4e74be69,51.4925435,-0.102503,1970
b76d600f6a8f44a52a0620246320152d,51.5036222,-0.0771192,1694
393e29dc7e4643e453cf00ae187b6047,51.4925435,-0.102503,1970
ef7340b882fac7bb3fde29614f4071d8,51.4567625,-0.1094128,1080
5dc13857a0e1d2c04dcd5131c27a0cc5,51.5441676,-0.1659483,974
6a721c99f3ba19ec0d95418eac9a5d18,51.5471648,-0.1910827,1049
ff247f5c3e41abb85538d88054b1e35d,51.5354274,-0.1812017,1172
cb59863fd3237ebe0f477b304a885d08,51.5958836,-0.2470422,548
b8d28f4b5aa7d15e1c1da3a5f293a878,51.5952504,-0.2478083,551
8752d899170678888389138be8c7be35,51.47732329999999,-0.0501357,927
9fe5a23eb2461d204e00c662490767b2,51.51567989999999,-0.0033125,998
a76c9a2c13f351b94109719b39ad363c,51.5115793,-0.180241,1365
15f54c051ecd1394b15cb2c1a266ddda,51.5115793,-0.180241,1365
cb7b77907121464cfd5c115c562d2f3a,51.5115247,-0.1818382,1358
8e64f2b6f82ec60314704e36fe42f8ae,51.5471592,-0.1898288,1037
7d9f41f3a6d85785cb7c31b43aa24fb8,51.4909665,-0.0390064,651
c2c6ec2b996973b747c5c1801816ac02,51.510988,0.012221,837
87f543d6ff3df9fcee4549dd1ed154ef,51.5954872,-0.2474412,554
41127b3115b0c6ab2d38a7c35124a855,51.5576562,-0.219779,659
a1cca2842b8b880e5f3a13c67ef5f93f,51.4667243,-0.2515964,250
65548ca53b46825de59bd2299aeb5f42,51.5248299,-0.3086405,618
0441a74110554ad5d8f04126db2d8404,51.5441899,-0.1909479,1064
a16044cb8fa27ca6b277ccebb6db9fb1,51.5954872,-0.2474412,554
5a7f65db65b57386ebda4c251b171861,51.5209465,-0.1541517,3481
9f892bef5aec7fd6d28c2b54eb9c20ba,51.5544574,-0.1933721,817
e13393fdf7c61cc0eee604a36507644b,51.5306215,-0.075623,1943
9695900cd134b5b63ee600fe6525afcc,51.4901708,-0.0481725,724
0ed73a9f011ebc28a8093789ac2cd9d5,51.5393576,-0.199183,1181
9d83721adc201fc355e897c4079bd016,51.4720147,-0.1314618,1333
c8222563f99ce58657fb9d5e104e20e3,51.5079652,-0.1495281,5448
c8222563f99ce58657fb9d5e104e20e3,51.5079652,-0.1495281,5448
a16f25eff53114c3bac07b5b4408d236,51.5136687,-0.1510876,5614
9e34e185f18f1c12eb0e94d6e3f8ded4,51.4050826,-0.1817836,495
cb6baba9b637a4ecdee44a8b91037c3d,51.4720147,-0.1314618,1333
9c292ecca3aec14102c08aa2fe28607f,51.5514526,-0.1998518,954
3e6a4a7ab4311c942564b86117ca566b,51.5245575,-0.0561695,1838
3bb5e47a8c53aac9715c02341114dbf5,51.5220875,-0.2579759,447
28465c37e5f57df9867f1b2c3ae031bd,51.4788782,-0.1843397,958
417c491b73e42d6c3a99de06ae6fd55a,51.5220875,-0.2579759,447
d7ceef9e2f48919b7610f6d05bf7a844,51.5150933,-0.1655573,2186
3d0cad9d457a0d31aa2d4e86d2d417f6,51.4961618,-0.0893105,1920
4a150e3347dbee4a90e549b05548c80b,51.5220875,-0.2579759,447
04dfacee93919797f9795826e7680fff,51.5745725,-0.1028564,1181
d72483961de72b0c1859b5333de03395,51.5220875,-0.2579759,447
cf606325c32f363f00ae0ba0861ebfb4,51.5014203,-0.1862694,1189
1f1c25ce04cd6f5533ab58929057f2e1,51.4762541,-0.0382132,845
753fa55a4c0c403a8bda86a7933f736c,51.5673528,-0.2277632,546
c7969edf74298f377ccf0a4449d05836,51.5480379,-0.1993611,1061
873ba5493312d58e47b3405160261790,51.4834898,-0.1033471,1664
ede5836e97ef3923c59c39b3b99a9db4,51.5368118,-0.1829807,1167
c6d478e595991429305371cb8ac7a4fe,51.5093101,0.0061385,816
c3d06987d3e05448b5a26410c59e8022,51.5471509,-0.1705166,956
14e7d0b27c4e376a6877e267f30e7d35,51.5086937,-0.1484713,5843
304538707a6c094dea81549988d59b10,51.5086937,-0.1484713,5843
afa6e8bdddf71172383a59c0c855eb21,51.5146419,-0.0405464,1295
2898a5de5b748c73f0e2d8849542786d,51.4762541,-0.0382132,845
cfc9891bce3245b8533f41ee39434c27,51.5145337,-0.1563171,3623
238048e66734e70f052491f43b857748,51.5600931,-0.1128191,1658
63590358070fc4509fab890d8c32fc12,51.4591643,-0.2934137,227
d64d8e7c8597393a88bee44677f3a351,51.5550343,-0.1418642,1181
32785a723696297a9883a8c4b85cda9d,51.49147259999999,-0.2063256,1192
88984f90809badb5c16440358d461ac8,51.5550343,-0.1418642,1181
2e8eea87bc13d8b28a4f321ade19baa0,51.5938819,-0.2335597,470
637aecafa8c3baa9b895a266fe009026,51.5471648,-0.1910827,1049
dbda39ace5251342ad8326459b77edf7,51.5471648,-0.1910827,1049
72d7fd95d181bc4c149a60b69e6ae713,51.5337871,-0.2038214,1187
b8e1690d9c978c3fb7c5237e875df831,51.4868542,0.0061681,474
5e82ab844c8474f75bc6788559f1c22c,51.5209404,-0.2915105,538
48c5abd86af55a48ce9db3b58764a94d,51.5313109,-0.0219659,950
a9ce927b26c934099e1a330dddf63a3e,51.49000470000001,-0.116298,1906
238048e66734e70f052491f43b857748,51.5600931,-0.1128191,1658
2fcd9218c8caf3a3815cd8afa8328ea4,51.5229155,-0.2001625,1446
14e7d0b27c4e376a6877e267f30e7d35,51.5086937,-0.1484713,5843
a98405b1748586e2224214249ae59394,51.5315292,0.0048985,1172
9ac071ba103fa55fd837cb2fd0d0f389,51.5107152,-0.1846614,1294
f59e253ffe0ffbda234d85e098fb13d8,51.5585506,-0.0136048,598
922bfd4d07e349476efb913972c0b001,51.5180051,-0.2955572,569
d852c24a627d7a948aeeea61950bee97,51.5209404,-0.2915105,538
f9af80eaf0774d7b2f2042a32e003603,51.4609266,-0.0308043,698
8b807d8f92a707dbd2275927232d7e58,51.5570824,-0.1628346,579
0ab9b808dcc99087ef5d81eaafa778d3,51.4935086,-0.1291848,1807
8f3baa5973877e324d4663fce8164dd1,51.4871264,-0.2874088,416
cc9ac1b2b0e2781efaad38038aafc234,51.530243,-0.2485014,590
b9dcec230bee17ef6e6c16e6dfe38874,51.4350596,-0.1498126,826
fae409561692123eab90ef662ddd84a7,51.504173,-0.1945085,1241
d9f0874c55ad7433cff3a122ad60b1d8,51.5447215,-0.1292891,1729
910ed2a190a4a0e1f20fe9783bff6e4c,51.4979553,-0.1578332,1438
5f3b5000cd4e7490d33f5712e0408dcb,51.4571901,-0.165637,635
f42fb7ceee4788ed16b20f2435ad79fc,51.5455627,-0.1798697,1177
d791c77b76f29b3d6a8110343552569e,51.5001917,-0.2175344,1585
2ea8dc3dc393cedf6a77afa06d4d2da2,51.4603952,-0.1647629,680
003f0ec93ff5f0488ed30d7fc6f209cb,51.5072059,-0.0277558,1096
4ec856baeb4c6aed7df21e4bb169161d,51.531454,-0.0270195,964
7472753b78167302ba545434b92e2baa,51.5448835,-0.029409,916
7ebdee0c54eade6aa5b10046ec110649,51.557398,-0.0765499,1147
040573062361dc1c7b7325eebc7d2b64,51.4408238,-0.1485732,572
ce990a8c0f4427e52e0abce12e9d1f5d,51.5537569,-0.2437515,729
68679974c18a5fcbd541dc539a3ff89d,51.53333809999999,-0.0499081,1321
0b235c2b5f70b1a32f336d1163f70a0c,51.4593151,-0.2142287,526
5c7ee08163ba78b2e7399dd202607c55,51.6168861,-0.0100403,386
5868056cbccb2d9fc83430ae261dd3e2,51.5072059,-0.0277558,1096
2c8c602f91bf3af980e46efb7cfea93d,51.5072059,-0.0277558,1096
106c2b457c90df3d00f109ca7c73cebb,51.4939792,0.0588946,503
cd202632146d2a4705bbfd8e522ad59c,51.5690976,-0.1137991,1513
10c9661dbf82d68860175fc1137365af,51.5284262,-0.0555531,1649
1715a07482dec96f3b6f454ec0bf047a,51.5593341,-0.0652193,1164
8866b0241e9b70e5b432f41876c9e4da,51.5525873,-0.2389171,748
60f479a461b5f5d0fbf33e02d958e6cc,51.4990296,-0.1379726,3532
ae271dde2cd72579bc8ea70a2ac52a6f,51.4594312,-0.2942931,223
7873a0c086cff75cf2e9e3ef934f0bd3,51.4839208,-0.1008013,1560
f601ae91c861470154d4cb9e55e83d9f,51.5072059,-0.0277558,1096
20bf1dbb3710f5e90ab9ab86f9815f7a,51.5951701,0.021617,282
22cdac31d849169def4c175201ead10f,51.5088448,0.1177715,189
2627e641a240851418fa842e166ec1ea,51.5534101,-0.1436,1305
eb469b41dbb8bd5bfe01f607a32d9d3e,51.5069109,-0.1385186,6405
5bad21c9b96faf6a18197dceb7b41a8a,51.5051533,-0.3170984,798
d97d6fb008a4640f284c8ebf90bed17a,51.5148461,-0.335264,570
eb1dfe9cf31709c69deddc417960d679,55.8806153,-4.288356,0
43a2f98e753167dd34747db1e4df2b90,51.5086937,-0.1484713,5843
022754ebda4c7b05bc045980ca6a7426,51.5306715,0.0107856,1012
a70bdf218659cf55a2cdd045d34226c2,51.4807167,-0.0951398,1488
19eb5de39b03cf621722f0a26aa27d5f,51.52407179999999,-0.0838247999999999,2150
a36329076fdfcdb1fca04c5a37fbbf51,51.5302156,-0.249337,596
62019476bdc171270e9e388e077629a0,51.5034605,-0.2639256,676
a21c80946b0e23aa58e6d5217e6902be,51.4028618,-0.0880664,580
6f0f128d8c248c7ae804898f1ff33c34,51.5075447,-0.2282193,1348
410ba617b73843822e702afe32fac5d4,51.6359737,-0.1002426,187
a21c80946b0e23aa58e6d5217e6902be,51.4028618,-0.0880664,580
e0b7d32da23b60edd180b3ce766a55b3,51.5086937,-0.1484713,5843
71da0b062e6f7f4419e06e9b89383bba,51.4305529,0.0241874,363
f0aa022e10e5373c7ed5f1de4c740d6b,51.5023572,-0.0254833,960
57c90760536288862bbc19457fe645d8,51.5086937,-0.1484713,5843
47785b7ad9bd5d9d641b797c88b9aa30,51.5357445,-0.0878334,1939
23a240f0e0406668cb96128976ba19ea,51.4876896,-0.0867933999999999,1631
33bcc88ac53488c10e0bf832adcd7e6d,51.4916327,-0.1286456,1662
246c7d712de933b33216863a34fb8e36,51.5045588,-0.115684,4281
cd1211433b453840f40fe2e4b96d785e,51.4827855,-0.1704924,1012
c92b4f9dd0b9694f89e26575cd09fa22,51.5958814,-0.2412236,515
41ec5343633a8fc983b9eaa34ec2aa54,51.5144827,-0.3329709,573
c85c9fa2e73337f693bb57b27513cbec,51.5570824,-0.1628346,579
d52ede55eab5861167c89b70e7042c71,51.5013494,-0.1052517,2285
8918bf01c6cbae2f5731506a8c8091ed,35.349047,-80.1744032,0
3456d11b5546257f2ebaf8ce3de6cdd9,51.5003349,-0.0177778,843
7bde7baa1b328ba32bd0b4f678975d95,51.5251943,-0.0102262,866
417686ec1c9e8314e3e51aec4b5a0688,51.5470572,-0.2006267,1062
6d627f2e3459975dbd9007e27fffcb1c,51.5097502,-0.017595,1114
19d0a2349b0401b1707b6160e6c241b8,51.5098225,-0.0285831,1147
4788c824f273228b00bc6e55ae34f2b0,51.4597574,-0.137753,984
07c71162fdd43c7fcac59aa3cbd4f56b,51.4310788,-0.1504307,808
1a819f17751034141e0cdcc88f43053c,51.550454,0.0001526,1341
0e3ee42aea9cd6a4dadc673bb0e34415,51.5009972,-0.0227421,896
9558c25a1176c0c3aee1776e1d1a9490,51.5079423,-0.0661339,1653
6f8a9f3d9e9ff3b80aa96b325cd632d6,51.4956573,-0.2129913,1547
b9cb4c11d11f1553995903bf36551e25,51.5395636,-0.1237271,2175
25b3639b33fc8fca3a02ae15e4543d0d,51.5185811,-0.0265029,1346
f14fb79153a913e195affdb38c1a6bcc,51.4980346,-0.021323,740
5aacb82cb86454a60c09d828da1491ee,51.4551446,-0.1237864,1247
acb2f2f52a8bd308c8b3d0fd7680e53e,51.5427393,-0.0094111,1256
93569dc28f53debd3e0b5d7d7de58661,51.59014879999999,-0.0602934,902
3ae3bbe87d97ced7d16c79d56bdc7d60,51.59014879999999,-0.0602934,902
3951b2739b6c27f5cf2ba78dbc00e8f2,51.4912201,-0.2700585,434
8a66daf00076294781b14c9ff269f7de,51.5980612,-0.1964634,337
3aba62752a0f216efc73ded16844ec3a,51.6035245,-0.1978154,305
4e87aba5968256e83c07de7231983fae,51.5395636,-0.1237271,2175
1df211de7b999ea1b2532d4ce96896bb,51.496742,-0.0963296,2156
80d5cbe94d831b6e2c7c7025b6d2f0d8,51.5427393,-0.0094111,1256
35d55d1419d3243c68ac83834766098a,51.5427393,-0.0094111,1256
52eb52086bfd90d39a373538813976d7,51.5585575,-0.1190023,1739
75b6f696837a5ff0f9ba328d5a123ee3,51.5779679,-0.1987348,357
df3d109dbcf27b5a77c2b322cae1355f,51.4562558,-0.2264505,478
37a6079a30b03f9b153453f91f6e5235,51.4124316,-0.1430596,528
3e9156e3f2101247368cb33f1af3d827,51.6048047,-0.0577017999999999,785
f249b7ee3896243a10541ca850c3379e,51.5038645,-0.0783027999999999,1770
200d069bd7911ab9584f956237610a27,51.5525173,-0.2384087,748
e13193b6c73d016a8dfa6edd7e7f8855,51.4587106,-0.3058768,231
00cf22db473cbade23b1f5049b72c045,51.5427393,-0.0094111,1256
96d5e4c0bdebc96bac0090bffb2cd758,51.4629852,-0.1591532,757
8eaca6cf95fdfef54e54e769167bb27d,51.541583,-0.0073942,1272
92d48e04882d4f6d131a50adcce896c1,51.4856987,-0.3085777,383
c72522aa341495e44afffe74f03d1b94,51.5616024,-0.1165183,1672
625ce6512a60fcdf00fc45b0602bd0b4,51.5937881,-0.0783317,1160
df1cdb4ef56cf6df271b2435a6178690,51.4904468,-0.1223724,1749
4be806273e132bf918cab3659070ca9e,51.5103823,-0.3183224,808
45444e4e6cc9bdc897a955a1d0a48bea,51.4220139,-0.3027941,503
95fc39b4e8cf277a63eaf9eeab13163d,51.5475287,-0.1599278,1141
f00b43d910a6268148f6359ca86c01b6,51.4896537,-0.2062293,1172
d6eb371db4623a5eea39a5e4a2c3c8a5,51.6045758,-0.258473,588
e803e53cc508aa02c1cba0c7eb804e81,51.4752881,-0.0511955,920
61693f56bb5d875f8332b594fb290620,51.4574495,-0.1286397,1238
33884c7a67961aa6fb7d4eed872bdbed,51.4131594,-0.196696,501
ac7632244ae4f0a93842422f2ab24c28,51.4858859,-0.1097565,1618
d1ea6f3968a16cfd8c347c19031435cf,51.4875443,-0.0880464,1658
f20553394112629332a309b112ac75a0,51.5892456,-0.0615322,919
0719496b853520452c63251ef6efadcd,51.4983409,-0.0188605,744
ee604be9abaf6bd1c415d1f6a6ddefba,51.5461792,-0.1223832,1621
b43f0e9f7f79adb1902765efda7b827c,51.549686,-0.2065839,874
9b9b019e2c25b762bf68cba115c41608,51.4942205,-0.1566182,1387
b1ee93a2a6dc17df6f24277fb20f3564,51.5154515,0.0113924,812
9498f62534813b498f81aa2be0dcbc64,51.5316438,-0.2263187,642
24fec333e79255e2e0d763e836644203,51.5180984,-0.0563644,1776
e5f202178058f270b0a602070cd91883,51.5352699,-0.0931155,1830
51cdcccf17bbe4d9796cad906b661b34,51.557356,-0.1032715,1666
f91dc92527990b2ae1f932c222af25da,51.4571411,-0.0522004,424
7e050b337dbefc3645208e3acea6afa3,51.5462099,-0.1188166,1588
0a6eae79951ec2c769f2e099368f9551,51.5348754,-0.1148298,2057
ad329d20659470faa19b9c9f1be862e1,51.5348754,-0.1148298,2057
4f305814eddf79089cde36922647137b,51.4922982,-0.1657063,1251
75b1245bb67b9961aa812cf2d8ec64ab,51.4922982,-0.1657063,1251
8eca00a2e2f10da656dd64e25282851e,51.4884072,-0.2284018,824
b6b7743b98206e9709f857a51338212a,51.4913333,-0.1429567,1472
4f9a1354f7d830d863807df5050e6743,51.5146096,-0.0687516,1928
aa4a19f703ac34d7cf99e6e894a5218b,51.4766145,-0.1846161,891
f6544d3a3cf43d0118c5d10a402643d1,51.5191041,-0.0745387,2183
6e299e9364bf0e42f1d54ccdda924b8d,51.5097502,-0.017595,1114
cb8c94d4c569b4dcf1b32d25d4090414,51.4398054,-0.1109592,588
848c2aa710f30a40188be8143efb12d4,51.5079902,-0.2424604,1013
1b9e2a22af489fef7e45fd418920b93f,51.5640124,-0.0413747,576
00a7d7fb13ba8ae5dc9c380b7d989136,51.521549,-0.1645428,2007
9d35ce1c31646fece107cc260768adad,51.4220977,-0.2149016,265
c355746cb52202dfb331c1a129eed6cd,51.4878009,-0.0148397,768
9a6f1791b4753bd589acd25ede2965f2,51.4160851,-0.1851971,618
bec816320d36fd2f18d58d75439a4d3e,51.4920595,-0.230332,1060
de2c8be50a72ad717af6f491ebc905f9,51.4968664,-0.1792344,1270
aaad69d8ce985108f28fe2e4061a532c,51.52929,0.0048937,1074
8fc84d8fc4b4d70377be4acf36bb9b16,51.49072260000001,-0.1635357,1300
14a7542aa81ca2eb4a0f5d513be21aa7,51.48280829999999,-0.1280446,1259
edf1d278db4b42cebd92289edb3bbfee,51.5081727,0.0219161,736
fbde2e8a64a06294e4ba4b3d0a67654a,51.5129919,-0.020334,1179
2862fee26fd612eaef9827f570b0bab0,51.50789109999999,0.0209912,734
aad250b1a7941be0b3fc528ca9055b70,51.4886951,-0.2891495,481
7a6ba57a65a392b2fb53374a8515b3e7,51.4945007,-0.1658512,1197
7520c12408c1b129c9057e0b946ca806,51.4946492,-0.1627213,1307
e79ab4e5a614dfe802b16a60c11568cc,51.5001649,-0.1705455,1122
83484413626a10c9d29a8e670c705573,51.4945444,-0.1732666,1262
df3d529278a70f2c240c243e02facba4,51.5150939,-0.0713558,2061
7634aa3d42747c543ac82359680889bf,51.50040019999999,-0.162899,1424
399e9d8171dd4a09fe5f5cb2b512c8a8,51.498681,-0.1821726,1258
19c02e6980ac23bc389d59f5fa5d56ff,51.52516360000001,-0.1618938,1811
468a2318526fdf13a07867a5e0a8e7d6,51.5182065,-0.2816958,602
5e78e00da2fbfbb7b0fdafaa88cda0dd,51.5280043,-0.18519,1530
9565b00837c8cb9534a9d3eb398afdb2,51.4527839,-0.3622527,288
13d2e6d145c6ec17676b3fa0095f8301,51.4971662,-0.0780376,1642
e2dd49142e6b2bddaf65af266554b029,51.5443053,-0.0002023,1250
ff0cbd6dffedbc21da6327f215b2334f,51.5093689,-0.299988,698
05097a15d26d273648311f8b44784b8f,51.4836142,-0.0931434999999999,1555
0f3bee37818a014c5bde1365eb76e089,51.467721,-0.1531895,890
d229d953e2e5579080fc9228e02e6ef1,51.5637591,0.0436303,261
364b82c458ed9b27c4d8d8caac7e439e,51.5345071,-0.2250186,729
ca39a50e78ef4c01e3818e54872395a4,51.4728363,-0.1016757,1414
09621e917466eb99286e1649c081412a,51.4105295,-0.2175638,280
2eb24210440a4db721cf4d226237f6b8,51.4725491,-0.0913829,1164
e3d065c0f6e3e422789a21e2a48b3a31,51.50246019999999,-0.1576724,2170
f408fd311588c593c13555ab56a3bc9e,51.5296244,0.0067964,1010
f3beb758e1eee4f58809e48a600783f7,51.4791587,-0.2781389,284
f135bb583ec1b68655cef346d3226018,51.4396819,-0.1875984,420
911cf78f16b86c931c7d6da050eb2d1d,51.5500913,-0.2039216,950
685d8f9acca75ee72ea676f8a59a771b,51.4520966,-0.2108717,522
40e29e890fde93c61a28f2c7d90acf05,51.6268743,-0.1401593,290
14f2ffe7e106aa789d2bc9b8808dd45a,51.5073707,-0.065786,1674
fc56e1015277c2b851b1fbdb3653e4b5,51.59388939999999,-0.0529637,731
b4e3699d79ac771ba6b9e84c6446f277,51.5938282,-0.0959862,959
930fed6d709ab474d358fa0e44c94f3e,51.4693149,-0.1908708,770
90f76b8f931d8ee39296ea0305290ead,51.4906911,-0.0182395,780
4a1067f0fed4699a241d9ed8c640ce75,51.5833755,-0.0176415,901
d0d466558c51666770428be2b7fc8138,51.5510127,0.060179,939
c568d6d3bcf479bcc9fc950d44a6a014,51.5657847,-0.2584303,462
36c7be498615c2fda54deefb0e2601f7,51.5000773,-0.2139411,1692
b3c016c541cdb31535e825168d643a33,51.5111182,-0.0958293,1995
04667abda7d4fdc5e0afef3e95ef552c,51.5153191,-0.0474548,1546
968983b48982eb9771cd71f347b192db,51.4396819,-0.1875984,420
7c20d6ac13b68a65db92f91e0bb935ef,51.3983101,-0.0726008,489
879d347d5101eccec96c463f2c929eaf,51.5058693,-0.2678644,635
c27c64c806cffe56c72c910691662f76,51.511597,-0.1759797,1596
d6de5495769fe0a0695727b0982f2b9f,51.4575245,-0.0055203,804
c54dbbb1e01cf85c16a894d27318fe26,51.5311984,-0.282224,389
7d3a2bde0de66aeb43a6296551ebc846,51.5612069,-0.2488947,516
63a0596efa99c10db82a1a3e2f4e3415,51.4017859,-0.2419263,188
88c23496f6ffb0379df7170370d85886,51.48530460000001,-0.3245966,358
f951daee35a68d8d52f3e3b1a15f0770,51.5501444,-0.2144937,801
f24fa55de255589a8a6492c91ebb1277,51.435142,-0.0565064,438
efbf6fd3c3c4c316f6cfd6c821cb88d8,51.6035907,-0.1437266,413
cfd0b3e8d58397357b78c26a9f32794d,51.50575809999999,0.1100586,245
8378cbd44078e1936908c9d18be326ac,51.5233008,-0.1205597,5120
31e632f1839fcdc1d70f0dbd899c6d57,51.5005889,-0.1970239,1197
b8ccc175b970924bc38f0ef8678566cf,51.54128799999999,-0.0411114,1141
46472dc6ff90bf55c021d4bc3d823725,51.516299,-0.0537575,1661
74f29ec71f7e30acb6f14291fe7f79b8,51.4649997,-0.2512717,256
6969a1766c2d7323d13231b952202241,51.487355,-0.0793009,1502
b22d44a5d0ef68db568e463cfc6208cc,51.4316047,-0.1092162,599
04597f3c6132a26dcaa6f75a273b3c73,51.5369114,-0.1160489,1991
a8b96a21b964bdefd13f73c402d03fc1,51.5185849,-0.0569022,1830
85c616ac1187d22be1a4422d70cb88f6,51.4465578,-0.0158349,734
0a56b74572bbeba84efbd32a6692fd70,51.4760295,-0.3244463,326
6ff6e5e6a18228d73aa60613c1378361,51.5426569,-0.0552752,1336
f822a694850f93091470c627672bde37,51.5157476,-0.1623513,2633
7f2d6a7b8eaa516de61e7558ec49453a,51.5270854,-0.096797,2107
e6829f63535aea1eae79accaa7a01e96,51.5341685,-0.1364937,1963
89dcf2f9be8d243c40933141abb313fe,51.4188111,-0.0531084,500
663e67fdae7032307936a8aabb9a2213,51.4522757,-0.1127349,991
1b3add5205dc6512f502b6b9db1750d8,51.5114837,-0.1330537,6478
fa911358696bf74033f179a00851d47e,51.4198602,-0.1662958,735
afd6148edc07ddd9eea3c8772b1245df,51.5122871,-0.1541708,4511
27f18030d6ee75058330a8dd39b12428,51.5292198,-0.0886477,2064
332074e276bfb32744a80849e95549de,51.457212,-0.0058533,808
1bc973b0a8ae71ef282d31aae03915bf,51.4877324,-0.2081634,1094
ce968b661a97ab6d5d748d6e641db7a6,51.4396819,-0.1875984,420
78c2df24f3b0695e6913d7965dea4b56,51.5456918,-0.0740406,1409
00ee508c2459952e22b032717ae3f39d,51.5052749,0.0277335,476
43c29b8561bd418236d6b94738a38e8d,51.4925143,-0.0245466,814
fc92fcd9fbaf4bc5a0681e32e2cee428,51.3933875,-0.0778234,571
3e541247e21fd706be2c9edec1df4fb9,51.4776846,-0.0628691,1000
77e18350f4164ce828fda2fd12891642,51.5306872,-0.146932,1898
0c12d4a11743c6a7318af64b85daa769,51.5650868,-0.1355443,1114
d1d008e1b64cece8851f7909dc5ba92b,51.4623981,-0.1256985,1322
927b8973be442f6f20dab349866771f4,51.6503316,-0.0637674,639
65d5a08d76ac74adaf75cc5c72ae4a1b,51.4340269,-0.1595182,727
93a1911957e9054be0898a583553837e,51.5125109,-0.0356623,1248
c56f4ffc5fd31528019792dbcf211e65,51.4993184,0.0261767,458
deb0a096791ccbe749bf3275ec7a472d,51.4677304,-0.0146579,895
6402e60e3ea2aea3c04589d2edab30f6,51.570554,-0.0767342,1054
7ec0ec0e74001b93aab7c9defcdbb960,51.39813359999999,-0.0716,487
b4a59002acdb97049fd1647853ba6a24,51.5337871,-0.2038214,1187
d8a850146ededf61ba2f9f63533c6007,51.54102289999999,-0.2530945,781
58fee2d156d1447fec310283cd1c2286,51.5338974,-0.1437367,1792
5d29d41a4a5f02079b12124287ccffa0,51.4628518,-0.1238207,1335
98175b54678a6ebff29e1b8b197c49cb,51.5977656,-0.153883,344
da175e74449e3368b06877185d4e4748,51.5406285,-0.1833056,1148
ee9b594e70c363b76806b5193b266979,51.4867248,-0.1802985,1259
680c0a8fa63742580a170b1ab0330215,51.5405311,-0.0216625,1130
bea6fa18a1e54d84c391616885528cba,51.4303759,0.0479184,280
15c8b56990b91bdbae9f393d165d4a3e,51.5269696,-0.0683068,2159
74f47de1457b0229380059dff95e47a5,51.5083633,0.0184187,765
ab0e8f0c7ae31b46f86f951535bf7ecd,51.5138453,0.0062791,845
98633d0ee72053fad91449bf364939ca,51.5090728,0.0216273,752
79a3c7ac2158381569c60cab5860537e,51.4880778,-0.0054543,640
10fb56bd06aaba884e9f658d46c7519f,51.4987386,-0.045999,693
1768dee2392017f011203e20dc5545bc,51.4799636,-0.1081299,1548
db5d673ea073693a82b5ab5ce437ef44,51.552402,-0.1832838,900
d690193cbe5e94a41ac0d88c418d502e,51.5251943,-0.0102262,866
8229afd6fd7dbbaf58c8520296855529,51.5192812,-0.1759552,1630
716c903014a946fec37eb628661ed81d,51.5251943,-0.0102262,866
c24096aee628509960d189e84866e28b,51.4740473,-0.14769,856
c605b5234144b8cd9b9d4d52fb617246,51.5186296,-0.0691117,2101
a5e2806eac34da95df24afae0d53dd73,51.4839067,-0.1992613,1089
cfbf42e33ce1283f90ea4f79eb6a8871,51.4943926,-0.1272007,1977
c39fa7e443a55d5cb0b63c811042bbe0,51.4791236,-0.18235,963
5f164c577f794c5477e76891acef6867,51.535835,-0.2204999,727
c9bc568531fa11f4175272a5d247da1c,51.4248231,-0.1432492,637
80ae9f2e168264b55e9172803920c236,51.4408141,-0.0961998,359
fd564ed2a89edcb69e2cacd43f515afd,51.5110832,-0.1197104,5864
2157fc9c1e1ef0a6214667476f2aa112,51.48294550000001,-0.1304501,1251
6a502b55d9be8a6bbc1e5c000626e6b1,51.5203666,-0.0452229,1498
85b79a9e43f1456b001d131143cf47e5,51.4813312,-0.1227953,1222
e25d9a48d05994c51cbe1509ff8ef12e,51.5203666,-0.0452229,1498
f99c7e351bcd0ef05acbf2d70dc1aa9c,51.3967335,-0.2174001,143
d7ceef9e2f48919b7610f6d05bf7a844,51.5150933,-0.1655573,2186
4582d9e22e2d03bbc7b1dcb3f950dc95,51.514471,-0.0755039,2173
65113d1c7b637bf9ecdb932615affd0d,51.51535130000001,-0.072451,2088
2676c72b251ccbe62af86a23f93ba1bf,51.3766275,-0.22766,176
fc2b85bfbe57cd11dc1c64657b72ca64,51.5120022,0.0055131,824
d4c119c3bd4027c712fb09d78191576a,51.442799,-0.1888084,435
f769418a1d9a1ab70145a611a9264452,51.6203334,-0.1854557,240
26a8138aca887a77ff74552337736cd6,51.5204606,-0.120903,5990
056e58fa9e6d650c9641a5a9e21effeb,51.4945444,-0.1732666,1262
114f5d0a974cabdc5df535165cd8104a,51.4664105,-0.1557138,849
25cce85e5370268cfa4d9cb9976f1f0d,51.5128916,-0.296312,606
6307ca3c304cd983ae8b285e0967dab9,51.587903,-0.1168887,748
b049ca4221d8c0bec13edbd0b7d00bc9,51.4718536,-0.0987742,1297
46271dd962515e52fc7a99e32ce8a81a,51.5008675,-0.027008,964
1778070214313c6c754730b5be4f9c32,51.4888148,-0.1956132,1268
9f897b61701c39da5d829e72bd2753a7,51.4888148,-0.1956132,1268
135c1cd0eb0433e60fb3fbe9f0f110e6,51.4877986,-0.1884346,1293
8332d949c3cab55f76b3df319ec671da,51.4877986,-0.1884346,1293
4fcd720043dd0383fa084a10c91044ac,51.4919896,0.0769766,711
32fb594854a520ed1e08f4e498bf9b71,51.4874498,-0.0180585,794
9147c0b275dd05edd989562b632de666,51.5729149,-0.0858179,1159
62ed2e615b8e15221c978f29a7336b02,51.530265,-0.0274482,982
611c45dc3df2492abb227ea8c211ef9f,51.5034706,-0.1045216,2353
4d95a482b3751b2ab3a939c3fbf49614,51.5262387,-0.0961897,2142
0e0174569e3bd469364ee7fd4163c8af,51.4811548,-0.2226815,745
7ed3473dc755ccdfc4172afdae9448b5,51.4824603,-0.0164608,779
442fa805e64576f412faae82ad4e51a4,51.5160018,-0.1509824,5458
07a1d1d7c5d31f8af8951eff3f113663,51.5114708,0.0129815,837
2677a9e217e5f9670954e9a4f425be0f,51.5358605,-0.2054298,1163
5297a269fbd137237b543de9042219f2,51.4460387,-0.0530588,357
c997a8455cc0824e928417be8614c50c,51.5088497,0.0212203,757
c975b862804688e18b3f6fdffc3a7201,51.5313109,-0.0219659,950
445bfef851e773cac5537f9353729c62,51.5138492,-0.128363,6282
d2323b97d31abdc98f6cbabc880e4a8d,51.5124065,-0.1198752,5929
bee16c9cbffb444dc87b0c020780ebdb,51.5107383,-0.1269584,6181
d66af66387b010e469967577b93d8347,51.4919035,-0.1333435,1512
581b74c1ba03cac97c9ff508e941f019,51.4710351,-0.0407114,805
4dd4cda2c14bb6ed4a673aa4a8ff5ae1,51.4460387,-0.0530588,357
e604f96afb1b22890255e6cea3e63b17,51.5249716,-0.2069452,1185
7f943e23df3b50c623e8405de0420501,51.5247205,-0.2116011,1170
2d72cc72543a5419cd72607f7278e11d,51.5225633,-0.2074569,1309
4b05659cbe8e79242957ab816e23a0fa,51.5253629,-0.1881437,1598
562aa5e6a761e9a46d5fe35b6420bee7,51.5372347,-0.2082417,1070
f1b378f8395dae22ffc41f957d78b07a,51.508745,-0.2022188,1556
c982bc34501c2e30d058345de38c5258,51.48032389999999,-0.1901384,1019
c76e3d7cccfebb72f9595b34b9800f8c,51.6069871,-0.1855007,393
86f0c8159e4c026ed89e19720aee46bc,51.4991195,-0.1644394,1266
15fb2b18dcea73a2c23a2a4d6cb4c9a1,51.4254121,-0.1307481,589
4e85d09779c4d6c9c6cebe5e50acfc17,51.5142511,-0.1824953,1411
66c0b1651c705edd2d1b6cd9ab2f888d,51.5247643,-0.168319,1652
8752a8d2bc5334fec716dbf96a334576,51.4999425,-0.0476262,715
0cf1c879287423f5917a420f9762d841,51.4272592,-0.2314868,66
8ed8fd40898a80302cf253dd424fbc64,51.474613,-0.1322212,1224
65541796b25861d9ef7b1f673011a28e,51.4394784,-0.3478231,217
75f1770d0733ede2d894ddf3e406152e,51.4990653,0.0273978,423
d1629f868cbdbb7b1e237936a69e660b,51.5081352,-0.0665684,1667
4c91fd3c2bb91aac4523925d36575aea,51.5073703,-0.1471838,5872
b4ec00ae5767c796bba0ee31c9ac3e0c,51.5647837,-0.1074692,1517
f3f5b4a1c267df623d2cc71ac5d67f1d,51.5444708,-0.1668282,960
29e313d5014cd19515e52d448dec6b0b,51.4805059,-0.122688,1219
1f1f3bb8728ef2afec603d6efd2e6496,51.4736624,-0.1147529,1592
74c4f6f17255c84ec2c1abe751b843e6,51.5305504,-0.2201631,739
1b1bb625421d90a2fb35ce2d9cd9048c,51.50177249999999,-0.0221552,911
0b8e4dd09bf59e6543e593fec15b853f,51.5408038,-0.1777755,1093
25e53e44fe47ea9a185767a22cd0514a,51.5169209,-0.2654358,580
c361393f35a235f390f9c3096979e963,51.4402203,-0.1707313,667
010b8436261190d0947b84c55bf7da14,51.5042182,-0.0250777,1023
045bcdabdf8dbb2a858b862d798ec4e4,51.4710085,-0.1774576,888
5a448c5a935c2a0ceec647b9dc23acda,49.205031,-122.8342661,0
d1dad23ba910c6f360f2dde39a76e235,51.5539942,-0.053797,1221
858dc8dd32d274f541a03aec81287f50,-37.0508787,174.6113002,0
ba63606fa8ca3acb8b1861aae5ab9070,51.4249928,-0.165374,723
2bea76cdb61bb9d813a8102c0d29b0e4,51.4812263,-0.0350203,819
8738cf10f3f086f854678d0d9305ac60,51.6450721,-0.066307,575
692af926c3d49a4becb6f0c30bcec294,51.6320893,-0.0562,645
2458b1d1fc7dba6a2d15e06a29453267,51.5228324,-0.0492387,1555
2458b1d1fc7dba6a2d15e06a29453267,51.5228324,-0.0492387,1555
98837a3b2b1a2bf722a0b0edde8ccb03,51.4931405,-0.2320917,1128
20375110cae850bf4545e73e22b0afc6,51.5011603,-0.0712076,1475
b699116e2f9824bb34cb151aa651d891,51.50681669999999,-0.0045319,1001
5b96ce8e79e3af4626a46a13850d6b53,51.5015927,-0.0222067,903
067a2fc9dd24688ca9739363e92c6300,51.601633,-0.193361,359
c42a8ee71b644b50eb2bcfefde2d15b3,51.5627348,-0.1384563,1049
0b5ac2bb915860baad43c10a05d41bc2,51.53211630000001,-0.2433689,507
0f516f27f57ce3d902ac60b05c560994,51.5459401,0.0151336,1410
2342cdde19047bb5b3a1bc5287b21ce2,51.4814666,-0.1481072,1018
2d43244de696d8e850a578249fca8e2f,51.5133907,-0.1945219,1443
f62e02cf1694911e4315fc240ebc06e1,51.6450721,-0.066307,575
11cdfa8fadc865295aaecbd2153d3f8c,51.5126143,-0.1785178,1447
b791316c2c0e26e3a750c02cb6ad285e,51.5003041,0.0277331,435
cccde2dc2e4d943e7654f8798cf71781,51.5345978,-0.1676324,939
2d9754eec8b0e05659678fa38f60c1e7,51.5648334,-0.2233797,577
cc8db99f3aba60ed333c0c3264c9859c,51.4653972,-0.1290355,1348
792ce65a2c017e90338cff8b1a9f0787,51.5216023,-0.1088553,2743
73345ffff5fbf4f243d9d302d68b24c3,51.5010937,-0.0172591,874
e7c53cf15b60562a47daa537b8b5bcca,51.4664471,-0.3409681,426
c65db42816577ab34952576e64b6f87e,51.5471,-0.2365183,819
fe5f30169a651a4738267f6bf2fca5b5,51.5410784,-0.0074325,1270
d9fb934177893805f941a1ace46e7ce4,51.4820728,-0.1302477,1217
fdeb9202eac2a55839ca3dc5dfb05f81,51.4391804,-0.1490959,640
a99f1da8785a3c528e2bd5f4b6fdb8f9,51.5572475,-0.0699405,1234
58762f6eb33f1cb2bed3aa1bf83f7400,51.5572475,-0.0699405,1234
3ccb77d5bdc762984a8aa3e4bc873bdc,51.5486616,-0.1726506,891
70db1c935e39cabbf9a7f67c9aac2592,51.4742449,-0.1359117,1169
bdef9d2532e3dd76a48b2bc7e574e762,51.4453781,-0.3353847,227
81d42df58526aa8713f401ee70d3b591,51.53086709999999,-0.058421,1648
778e91a29b83eb70143890179e8064c8,51.4769376,-0.2096609,666
a6523bf78285371bae2d31558e0f2a55,51.5219646,-0.2579473,440
acda95950d0ff8373ad5b305b592250a,51.5219646,-0.2579473,440
a9a12f9675ce3a2ffe8349b30b11ebe3,51.5849026,-0.214967,478
f98b44f92cb8e3acddb3c46eba41763d,51.5145545,-0.1594992,3083
dbb24f980dd878e7950c7b735634c618,51.5211195,-0.1570604,2963
409238d7663876f3859076da9066161f,51.5294637,-0.0964292,1958
3f7261ff29bd9034c9027f19e41ad7cd,51.5232708,-0.1382555,6269
d4e9a29c1819b45c46fcf793a2f0d3ea,51.5220429,-0.1669848,1875
9e68a0ea0e3188d19d5541bf9bbb4cb6,51.4946512,-0.2407673,991
87fb1038da21075fa3b658f6e27639c9,51.5183927,-0.1626573,2453
0b87e54de7186f40b70b1b347aa201a6,51.5148514,-0.1676883,2061
8f9e0ac4b0e043bad4c8f4538c5f4e9a,51.5162249,-0.1499442,5663
00e974b271c962fe89f63805647326b9,51.523472,-0.1566255,2773
cfe44e5f2bf1219542e6827d4ce4921b,51.523472,-0.1566255,2773
b6cb1c45fe5bf03ab9b637689d909626,51.5309165,-0.1766547,1212
11987bafb4c1b3b326a11b4430ae3a0f,51.4322751,-0.0434933,530
fa4411ad228adc94e39ba2712e031149,51.5189494,0.0132,886
0d95922673098c61365006aca15a4a25,51.5120022,0.0055131,824
d372e0a5679503222db2a059638e17f4,51.4946512,-0.2407673,991
dc29f3dc0f4612cfd619e7681549171b,51.497132,-0.099149,2135
868e0b2b415aa62b58be1dfd7457404f,51.5037101,-0.0937472,2054
9933c15fd5c78cc42b6b750fd464c52f,51.5037101,-0.0937472,2054
c8700b280ac89d9a6e251be08e23c25f,51.3592429,-0.1968606,404
3aba62752a0f216efc73ded16844ec3a,51.6035245,-0.1978154,305
b3f6af05b34bd90e5745c7a6ff8daf67,51.4946512,-0.2407673,991
c793db93410b4667b50c8b84d50ee943,51.50817079999999,-0.1261651,6107
ef671178175bb7538c6c080983ae7092,51.5814299,-0.0995315,962
9c6e2ea001efa700b3dbe5925b2892d9,51.5341685,-0.1364937,1963
f9df3b91b007053e553c657bf824cb38,51.5295521,-0.1115933,2157
4d0ece610b2c6d8a12684e5a962d5766,51.526308,-0.1058481,2253
1bb0b8097296b81ebf9835cd360b55de,51.5295521,-0.1115933,2157
74c4f6f17255c84ec2c1abe751b843e6,51.5305504,-0.2201631,739
50f7d6834e1e48f24ccead6e91978963,51.513932,-0.1222102,6136
2d10d33d9f12657963839179c2b9df08,51.6548713,-0.0789754,480
8d5e407b1e0d49a989f7067aa6a14bb4,51.5600722,-0.1723749,409
7bf9d82b2a979f644c48fd033c2de2cd,51.5457563,-0.0248443,1002
9f20ff03be562c9e57d317b1697aaad4,51.480079,-0.194504,953
bf4a140ae3fb7959d8a3031d7b471185,51.6089329,-0.0989943,711
362df749144dfb1eb8860ee878a62718,51.6002461,-0.0255615,498
d87f114faf5e6a05e7fc65d731dca8c5,51.4327443,0.022974,367
9745f145d8bdf876d0980bb28187f64e,51.48663939999999,-0.1355895,1447
67a1ed9439f62ebeb568b52620b0a397,51.486631,-0.1355595,1447
55651668656cd7a2cefb6147797fddfa,51.5678967,-0.0956974,1262
2ca73069bd447e78c3450748c0ef61f0,51.501091,-0.0242746,900
0dbb08f58a22b46bd2a3d8778803675c,51.4431574,-0.166102,540
6b42c9da8b722038559426855fd1f9d7,51.4987936,-0.1926414,1107
61265ec09eaac921c02a8f354c0b5e22,51.5829931,-0.0656457999999999,924
7ac6baa57d1c40afb8cb566ce9715b19,51.5320633,-0.0770201,1820
7bd74381390ebc95d0ad164b721c0efb,51.6297927,-0.1005709,314
0516640a68119f1f159690d0515f6127,51.4917972,-0.1642039,1282
8406d8f7dda00deb784ef19115282045,51.4725538,-0.2399388,212
b7f6847f4e8b5829d202aed668b62241,51.4646378,-0.169492,738
e7ce44f19408ffa2c60b30d981b3d45c,51.5094663,-0.023331,1136
0e0f2fbc7266e84bc22a710066131e37,51.4646378,-0.169492,738
be2bf55394408c8c6af24f96df66dfee,51.5266254,-0.0861411,2066
43e6fb01e26e5315a1b7e52c4bcdb511,51.5365379,-0.1108886,1901
751ebe28ec246635081179e4cb38a533,51.449883,-0.0405409,479
893302268a9ffe2bfd98355d957081fb,51.5144803,-0.1898553,1473
5c259e409a43cb6c7ed5b1f80101422c,51.48765359999999,-0.2923442,457
de2549fdf4e95050208586657fefd404,51.5507667,-0.2058743,862
50004bc6cb379c2af5cbd8fc2e907230,51.4497739,-0.1419105,732
b72f7d4881eb22db43a90c4b103a8a17,51.61754579999999,-0.2197874,86
fd4d32c6e708ef09c916ec55b199feb9,51.490441,0.0677011,635
9c41b81fb3e840701e7867a2f1dc9d18,51.5686873,-0.1188141,1546
5c895f2bf06bc24e31138999bc04e03f,51.5686873,-0.1188141,1546
2fe5dfb34c58951d366a82a6a75b7251,51.4930658,-0.0223089,763
297870718f67127dc5fb275dea233664,51.4653154,-0.0804165,1015
2179f58512c5aabc5f447eef50a1fca6,51.5540265,-0.2195086,734
abaed31b4f3fc3b773a23ea5561ecc8e,51.518186,-0.22061,1379
9dbf8d5ea218734456b6ff5b8c696b87,51.5118668,-0.2224002,1406
051108f82ec94368f4bc562c9f4c94e5,51.3821175,-0.155908,170
68bc1f6de17d870b2bbe5e2cf5cbb7a6,51.4299598,-0.1587909,738
2c32fbb754e168c8bd0b1fe338fdef80,51.3549069,-0.2007375,338
46f9e97c6a86923b72475e18a685e960,51.5145337,-0.1563171,3623
fa9aa3f045d2487ce4b4dbd872427000,51.4929704,-0.1843899,1266
8d6192ce6bb753a0e043b4a5cc72c957,51.61754579999999,-0.2197874,86
9c341be77b2d1279e40ca8fa47bcb796,51.4267447,-0.1552126,646
ce37580e197dab492c61b23a4824fcf0,51.550277,0.0075733,1442
70eb29e3222157cabd07f9e0bca20a9b,51.5042182,-0.0250777,1023
f969217644d15556f95e4d48aec247b4,51.5141947,-0.0435854,1360
9cb75aa45d21071cc9afcd0c238e5f51,51.5687067,-0.1942605,320
a6d9105844a20168022d95e61c899f0a,51.4926839,-0.2667843,476
5e55b355617ad96599788682eb1162f0,51.6445559,-0.0655965999999999,576
66e87c444178ec4524df05acb52089c8,51.5189256,-0.1730681,1877
07ae89ae39e810f2a34a8afd010c3068,51.5161528,-0.2099932,1615
5bbea440c0fe3f0c3070d41663de1d40,51.5028723,-0.0144318,931
3dbd39324a778a8c7453a98f37858cf5,51.5000013,-0.0264994,906
9b2e60f446f00ac9acabc9805b68bdb8,51.5082669,-0.1485397,5768
00082048879aed747854217532714b2e,51.4856303,-0.1734447,1142
9b37f613dfb4e52d2fe106d19c4660e8,51.4938679,-0.1287199,1864
9ca3545913efd7d051c613c690329e7d,51.5028723,-0.0144318,931
1a181e6923076bace7e5781d8d235bdf,51.50305549999999,-0.0735483,1566
4af6bdb81e07b2d374a3b746dfa66110,51.4954443,0.0822479,607
5eb209d269e67619553cbac83034e62e,51.5635169,-0.081243,1138
0589ca5b9f31ceff0b784e23e6158df9,51.4672008,-0.0908365,1060
c56f4a55f60b694748a036f43a59ba45,51.57212699999999,-0.2205785,574
17ce36993b42141980b391ecf47a9630,51.5146096,-0.0687516,1928
8d369c6b5085f4078bbeb7bd5033c07f,51.5290729,-0.0959192,1947
b1f2a2c103aaa106a9f0841c78f460b7,51.565687,-0.1228232,1574
e325948a1c00e9fbfc978b6243497b9c,51.4205659,-0.2187447,279
56723f467c641295eba685ddb949e99f,51.4844216,-0.1756844,1166
204418dd1edb1d9952ba304dc1633a2d,51.5023211,-0.0127598,901
508275a1269a76d562dd9e1ed081c8a8,51.6268743,-0.1401593,290
de2484658798fe33eb459d83c8209e79,51.4677561,-0.0539676,800
b3ea323b507206acd3a82628b7cd226d,51.5490152,-0.2257589,675
2fe6a0eeede5c6a6f4462223436a6288,51.50252810000001,-0.0975028,2169
40fc72a699624737efb3fc7b03d5624a,51.5707828,-0.2235054,553
d73e28bffceab264a715a39a3bc0a5c1,51.5292902,-0.0966497,1963
cf791b0d52a107d4144f4b3503260d5b,51.4539384,-0.2997198,194
3cba5c736451dafd5b25d82631d79667,51.4822329,-0.1281904,1252
cb1cb0a76646f053539ab432ea143a2f,51.5012445,-0.1878152,1121
d66921aadbd8c5c47922fc8d0ffe022a,51.5023211,-0.0127598,901
38444385b22e8eb0f966bd7a8c425c48,51.5196512,-0.1410813,6483
e680a54a3f9323a3e36e9b14546e492b,51.4739103,-0.0506232,899
0a93d41772a32dfc3cf604af5dc6a4a3,51.5509165,-0.1944296,1023
f5ee9f1452c0d2c7b7439eafc28fb2ed,51.51344510000001,-0.0616868,1724
117a544d15d70d0718a3ff22128cdb0a,51.4822329,-0.1281904,1252
c964e757938964d6e1db1f558c078f01,-33.9094075,151.2210715,0
8bea4dbf2b33e244541e705c6df53355,51.494543,0.0665349,575
a1cca2842b8b880e5f3a13c67ef5f93f,51.4667243,-0.2515964,250
1f106c881e5a8c28e3212e361eb1bf6b,51.5273645,-0.2355447,563
eba832447f6bedbc2e770f0bb155dc63,51.4814963,-0.1279898,1210
f826a16eb5464c8896daf04226c71779,51.507161,-0.029005,1099
cecf959041419bf1962cbc39e6c42d0e,51.5273645,-0.2355447,563
e629f2c52881ccc196645792eb8b0f62,51.5152616,-0.0032512,1048
88dc0396fa19d0389fbdabbd4b939882,51.5399429,-0.1016159,1600
475e700f965ca35c57cb2dbed509be65,51.4997718,-0.0179172,808
de033d0dbd0ee6132c9fec0df4612957,51.57212699999999,-0.2205785,574
64735acbbf34563b14762b875ffae36b,51.5904429,-0.1034232,908
2fa284eb0657b765511adfe5f7f1c316,51.5082435,0.1294432,149
c7328cad586f531d842fb47f80924b4a,51.440543,-0.1158173,700
bd54c4183c9cf69ab929c47f7363913a,51.4892406,-0.2096301,1142
545305dc9d38a44e0f2b7d62f4bfa2a1,51.4920021,-0.2145302,1310
60df456d3b0533265ba9f83651eea6ed,51.4568173,-0.3128394,281
530d05ac99477a65bc3c4e3622443561,51.531991,-0.1289272,2403
1f841ff7985ce9bfc879ae37636fed71,51.4979018,-0.0189269,727
f0186a8402d2228f633aaa8bb6dad741,51.5922691,-0.0069004,609
ed4578cb583fe2db521253070f595c09,51.4987936,-0.1926414,1107
682026e48a95c5418752812ccc7ad8e4,51.4721538,-0.1773239,920
ff5bff1184e0322b33f590ec3c6847d1,51.4721538,-0.1773239,920
e35f4ed67352c997e45de1c769c11657,51.5950603,-0.247684,551
82c900efd499f78329d15b7c7d85afeb,51.5950603,-0.247684,551
3bda58fec3a39440b3c07f52197c6e59,51.5950603,-0.247684,551
fb74efe089ad2007c961bc4adb867c4c,51.5950603,-0.247684,551
64e9f23380081ae173d817b6d1173637,51.6024517,-0.0676958,978
a994e9685d8868e70c70d00849c877b1,51.543428,-0.1122157,1690
bcab5181f580c98d7a04b6cf8e60b070,51.5031081,-0.012924,947
0854a1a763385780a6571b2a0a49a1f4,51.48202029999999,-0.1444907,1201
1ca11df7d2f470bdd3e7cef4b4051a13,51.5031081,-0.012924,947
fba57a83f8a5cb3dfd17768fc78fdbd2,51.4616477,-0.1907511,653
7b71efe34c053693187135a2968bf167,51.5446409,-0.2739234,606
ba0d690ed46ce3b5f40d1d071b649ebe,51.5264736,-0.2349154,587
25880e434007fdfe00cb4a5d7c26e26b,51.4683213,-0.077196,1091
a4e9f35d9285e628c036bb020baf7dac,51.4654747,-0.1813821,762
85d8327b41d3122636522004c2599f52,51.6036835,-0.2368222,319
8ebe1c3bd26de69be0af7d13cc115d1e,51.5072258,-0.2268899,1397
5edc4989029e3f90d1e933d310c76a53,51.5465021,-0.233971,773
f01b4d49d3bc3c2f10f20df53af728c0,51.5306872,-0.146932,1898
b79c65fbc2bc764d8f4015011d2e3f31,51.5937843,-0.1990442,349
38639156eb32f03457b8661868c2ad79,51.5138486,-0.1837743,1389
5ef3371af9bddf5e962609e976794f17,51.4969486,-0.0149864,721
21f5db0dd61a8fcb5626426cc1564874,51.5733505,-0.0941747,1223
dc6fa4a146f69b936d579998a0a0556b,51.4128724,-0.067969,515
c1fb548401b4e5b0a5d8a290132ae64f,51.501713,-0.1909008,1165
bce6ab45905c475320645a47ac10c627,51.54102289999999,-0.2530945,781
31d6891df8fdfe42073f35c7e44d1005,51.617268,-0.177147,327
cb0adb7eaafa08ee5fcdb9bb83eb224f,51.6041131,-0.1826884,412
793eafc1334a651c75e35ad7963afcd3,51.5021205,-0.0246486,941
92fb6742af053218c8f892c9684af994,51.4994308,-0.2357103,1405
e5bdf4490a7954d293c9a057d847ad9b,51.4833241,-0.1322304,1411
3cf1d3b500bab80de9e4714b223322a1,51.55405709999999,-0.1901303,823
ab01fb0ba3d52d80961f40c031653897,51.5395226,-0.1606499,1162
e738ae2ea5d8000f6f23071cb43eabe4,51.4973658,-0.0989049,2132
db175266822a6c44c59cb19f05ae52fb,51.6445559,-0.0655965999999999,576
c20a6f7d1c250bb3689533b821b51c7b,51.5057499,-0.2687381,617
2231348e1c07a84b8a0ae9d3bf84f5eb,51.6177358,-0.0652704,924
c2d31792a3bc4b97400793a1d12fc870,51.4983854,-0.1592894,1407
165c6697402ff0c25dff1eed4292cc91,51.4567349,-0.1369229,954
61490733ecf765692d4f8831ee00abd0,51.5931347,-0.2440044,550
150a4c469d443fdd7c96a61452f5ffce,51.5138463,-0.0690925999999999,1944
359486e30ec77948e05c214b316f819f,51.4703229,-0.1503543,918
694c9cbbdda621ec42e5289a8d22ea36,51.50899279999999,-0.1355034,6571
82b654dda82f83b3749d7cb2d6cebb59,51.5530701,-0.1888541,893
e0e86f522aae4c951ef3a910393047fa,51.4316037,-0.2999629,85
f9c07253cd3b8b87a657ff747825d83a,51.4491363,-0.0742556,290
6dfbbced5a2ac7397c88d9cebdacca24,51.5095281,-0.229236,1298
e716a1f8e77e66d7e8b895dafd199678,51.5294637,-0.0964292,1958
13cbe7b445221619c7ba5e7235f06a27,51.5098879,-0.030248,1144
8a7b2266158543636011aa6cfcd40831,51.5607174,-0.0675254,1126
d8d21a3552a9a2a0110ff532fddebda7,51.5258355,-0.1871545,1556
63695537c2f31ea8167b53dc0d081a0a,51.4822329,-0.1281904,1252
6e876b13108f88187e0d18cccc3345aa,51.5683928,-0.1271477,1406
f770bb9fceafae852007f91ec534e9d6,51.5244683,-0.0574809,1884
d94cf354fbe7d0088e5207866ec32279,51.481388,-0.1380905,1167
5d4c6eab9e1d5a8081f14c46047701ca,51.52078700000001,-0.17208,1827
19d0fe70abebb93614c5256e9d5b400a,51.48202029999999,-0.1444907,1201
893e7a4d61b5f3dfdff464ff4f8dd846,51.4887741,-0.2741707,412
235a411420b30dcb218ea76c56bb07d0,51.4908138,-0.1937261,1265
6eb8068598b07284a1a95f9c1e9f876b,51.4908138,-0.1937261,1265
235a411420b30dcb218ea76c56bb07d0,51.4908138,-0.1937261,1265
5c02f4e53bc3b6b9329148528c8bae8a,51.4908138,-0.1937261,1265
c6a8f7a6fbcfff08419edcc5da27bb65,51.5973471,-0.1022587,868
65d8b7a79a6f848d8c6dbe51132da1ae,51.6282148,-0.1708913,244
56da325f3acf1aaa280a670bb75ccb27,51.5138463,-0.0690925999999999,1944
d11a6788db52bd33058e4acf7198292c,51.4687289,-0.1790659,804
de0fa02166e817b483bbb19cd25c38cf,51.5311691,-0.2160519,858
6d5b8abd1b056b7d87fed91f323911bf,51.4404579,-0.1512043,538
2fc93d366ea66979acc296997e767af2,51.5012438,-0.2129594,1722
1ed385891bc42039612cf110bc81db13,51.5283178,-0.1679381,1151
582243daab8e8dfe01b37116fdf2b321,51.5761851,-0.0117735,868
728b0055ec89fbf53a29cc3300ab68b7,51.4822329,-0.1281904,1252
0e87902ffcdc4197cef7c2099279133f,51.517213,-0.058611,1846
9c2df7f36b150bf8bae37e739f23bf27,51.5555477,-0.1019032,1597
2ff77dfd24c5ce8b59449421f0727cd8,51.4822329,-0.1281904,1252
d2372042c76188b8cd93e2509018704d,51.5530482,-0.2241304,704
b567f07184b64b411b014e6259e3ee44,51.4467352,-0.1877564,475
1077f3f06e688bd212a0ff5e16bee92d,51.4916327,-0.1286456,1662
15048a4991dbac70aa0ae1dd5f235f97,51.4732075,-0.121428,1480
d31b2547611cc0172156af0752dd7c8d,51.5490789,-0.1948981,1075
ce42b8b96b1442ae7cd4e21a75c3655b,51.4278094,-0.3077866,144
3b500a9c21ad933ec68f661545b9c9ec,51.5593794,-0.1201282,1782
5e01aa0aea4146ab837b131e7a29cbb9,51.5622153,-0.1103712,1570
38eae202a5d26d99a16df45cd1f32133,51.5098879,-0.030248,1144
789b94ed35bfa577cc8d4f0a0cb284dd,51.5012445,-0.1878152,1121
5a72ec72e03cc5cacb464d02070501e8,51.3606709,-0.1893037,399
b9748e35ac4e4ef59917a3ab3eda8f99,51.4456128,-0.1893678,465
2123c92497ce20ab71341f4ffaa8751e,51.4931868,-0.0992796,2062
4d94957f02d1601e1178c68d6c03f7c9,51.521694,-0.2101603,1276
80377ef9741b79f80c2454e82baf4abc,51.4485408,-0.0475449,382
fbaddb8214ff70c0ab81dc5b0cf8e190,51.5527199,-0.0561434,1341
36b6d524e53c68af6a75dc146627fe05,51.5145384,0.0099712999999999,815
9c6194e1e426d166f4763d8c5a18d46c,51.622399,0.0108074,230
697f3e1f20644cc780529ded31c40197,51.5514229,-0.1637991,894
fa230d1b1f15992825b2b45ac44d01ee,51.4967746,-0.1317084,2725
75e7da76fc7a905f5ab736d699bad3b2,51.5042505,-0.1153239,4254
340a452241e98c08eed32732da02181b,51.4700393,-0.1910216,757
439595d7e8259e368b64d5cb06a3a60a,51.5022775,-0.0151162,919
19cd1f1ec1bdcab9551e17b17768c270,51.4994667,-0.1973013,1175
f097356ceac5c44860af0dc4dee9f915,51.5113882,-0.2166139,1547
4e85d09779c4d6c9c6cebe5e50acfc17,51.5142511,-0.1824953,1411
